iter	Logloss
0	0.6853018761
1	0.6787382603
2	0.6629831791
3	0.6584768295
4	0.6556960106
5	0.6506133556
6	0.6424847603
7	0.6305613041
8	0.6256645679
9	0.6199819088
